snapshot_id,deck_id,games_played,games_won,win_rate,pick_rate
1,3,3,3,100.00,0.18
1,17,19,6,31.58,1.15
1,21,1,0,0.00,0.06
1,33,1,0,0.00,0.06
1,42,5,3,60.00,0.30
1,49,6,5,83.33,0.36
1,59,3,3,100.00,0.18
1,69,1,1,100.00,0.06
1,103,2,1,50.00,0.12
1,130,15,8,53.33,0.91
1,163,21,10,47.62,1.27
1,170,2,2,100.00,0.12
1,172,8,5,62.50,0.48
1,182,6,4,66.67,0.36
1,191,4,3,75.00,0.24
1,193,9,6,66.67,0.55
1,219,4,1,25.00,0.24
1,220,1,0,0.00,0.06
1,222,1,1,100.00,0.06
1,223,1,1,100.00,0.06
1,225,9,8,88.89,0.55
1,226,1,1,100.00,0.06
1,232,7,1,14.29,0.42
1,236,24,9,37.50,1.45
1,245,8,5,62.50,0.48
1,247,14,10,71.43,0.85
1,249,19,9,47.37,1.15
1,251,1,0,0.00,0.06
1,256,3,1,33.33,0.18
1,260,16,14,87.50,0.97
1,267,5,0,0.00,0.30
1,275,2,0,0.00,0.12
1,279,1,1,100.00,0.06
1,285,5,3,60.00,0.30
1,287,17,9,52.94,1.03
1,289,7,4,57.14,0.42
1,300,7,4,57.14,0.42
1,306,2,0,0.00,0.12
1,309,3,0,0.00,0.18
1,314,2,2,100.00,0.12
1,315,9,7,77.78,0.55
1,317,14,7,50.00,0.85
1,331,1,1,100.00,0.06
1,333,16,8,50.00,0.97
1,345,2,1,50.00,0.12
1,352,10,7,70.00,0.61
1,359,14,13,92.86,0.85
1,378,2,2,100.00,0.12
1,382,4,3,75.00,0.24
1,394,8,5,62.50,0.48
1,395,20,13,65.00,1.21
1,402,12,8,66.67,0.73
1,404,4,3,75.00,0.24
1,415,14,10,71.43,0.85
1,417,1,0,0.00,0.06
1,418,5,1,20.00,0.30
1,427,25,13,52.00,1.52
1,435,2,2,100.00,0.12
1,451,1,0,0.00,0.06
1,464,9,4,44.44,0.55
1,468,13,6,46.15,0.79
1,489,2,0,0.00,0.12
1,491,8,6,75.00,0.48
1,500,27,14,51.85,1.64
1,505,3,2,66.67,0.18
1,509,4,3,75.00,0.24
1,521,1,0,0.00,0.06
1,523,2,2,100.00,0.12
1,531,3,3,100.00,0.18
1,537,1,1,100.00,0.06
1,563,3,1,33.33,0.18
1,578,7,5,71.43,0.42
1,583,10,5,50.00,0.61
1,604,1,1,100.00,0.06
1,612,1,1,100.00,0.06
1,621,1,0,0.00,0.06
1,675,1,0,0.00,0.06
1,704,1,0,0.00,0.06
1,705,1,0,0.00,0.06
1,706,3,1,33.33,0.18
1,714,2,1,50.00,0.12
1,755,1,1,100.00,0.06
1,774,1,0,0.00,0.06
1,775,1,0,0.00,0.06
1,776,1,0,0.00,0.06
1,777,1,0,0.00,0.06
1,778,1,0,0.00,0.06
1,779,1,0,0.00,0.06
1,780,1,0,0.00,0.06
1,781,1,1,100.00,0.06
1,782,1,0,0.00,0.06
1,787,3,3,100.00,0.18
1,788,1,0,0.00,0.06
1,789,1,0,0.00,0.06
1,790,1,0,0.00,0.06
1,791,1,1,100.00,0.06
1,796,1,0,0.00,0.06
1,797,1,0,0.00,0.06
1,798,1,1,100.00,0.06
1,799,16,10,62.50,0.97
1,800,1,1,100.00,0.06
1,801,1,0,0.00,0.06
1,802,2,2,100.00,0.12
1,803,1,1,100.00,0.06
1,804,1,0,0.00,0.06
1,805,1,0,0.00,0.06
1,806,1,0,0.00,0.06
1,807,1,1,100.00,0.06
1,808,1,1,100.00,0.06
1,809,1,0,0.00,0.06
1,810,1,0,0.00,0.06
1,811,1,1,100.00,0.06
1,812,1,0,0.00,0.06
1,813,1,0,0.00,0.06
1,814,1,1,100.00,0.06
1,845,1,0,0.00,0.06
1,846,1,1,100.00,0.06
1,903,1,0,0.00,0.06
1,904,1,0,0.00,0.06
1,905,1,0,0.00,0.06
1,906,1,0,0.00,0.06
1,907,1,0,0.00,0.06
1,908,1,1,100.00,0.06
1,909,1,0,0.00,0.06
1,910,1,0,0.00,0.06
1,911,1,0,0.00,0.06
1,912,1,0,0.00,0.06
1,913,1,0,0.00,0.06
1,914,1,0,0.00,0.06
1,915,1,1,100.00,0.06
1,916,1,0,0.00,0.06
1,993,1,1,100.00,0.06
1,994,1,0,0.00,0.06
1,995,1,0,0.00,0.06
1,996,1,1,100.00,0.06
1,997,1,0,0.00,0.06
1,998,1,0,0.00,0.06
1,999,1,0,0.00,0.06
1,1000,1,0,0.00,0.06
1,1001,1,0,0.00,0.06
1,1004,1,1,100.00,0.06
1,1005,1,0,0.00,0.06
1,1006,1,0,0.00,0.06
1,1007,1,0,0.00,0.06
1,1040,1,1,100.00,0.06
1,1041,1,0,0.00,0.06
1,1042,1,1,100.00,0.06
1,1043,1,0,0.00,0.06
1,1044,2,1,50.00,0.12
1,1045,3,0,0.00,0.18
1,1046,2,1,50.00,0.12
1,1047,2,0,0.00,0.12
1,1048,1,1,100.00,0.06
1,1049,2,1,50.00,0.12
1,1050,2,1,50.00,0.12
1,1051,1,1,100.00,0.06
1,1052,1,0,0.00,0.06
1,1053,1,1,100.00,0.06
1,1081,1,1,100.00,0.06
1,1082,1,0,0.00,0.06
1,1083,1,0,0.00,0.06
1,1084,1,0,0.00,0.06
1,1085,1,0,0.00,0.06
1,1086,1,1,100.00,0.06
1,1087,1,0,0.00,0.06
1,1088,1,0,0.00,0.06
1,1089,1,0,0.00,0.06
1,1122,1,1,100.00,0.06
1,1123,1,1,100.00,0.06
1,1128,1,0,0.00,0.06
1,1133,1,1,100.00,0.06
1,1134,1,0,0.00,0.06
1,1135,1,1,100.00,0.06
1,1136,1,0,0.00,0.06
1,1137,1,0,0.00,0.06
1,1138,1,0,0.00,0.06
1,1139,1,0,0.00,0.06
1,1140,1,1,100.00,0.06
1,1141,1,0,0.00,0.06
1,1142,1,0,0.00,0.06
1,1143,1,1,100.00,0.06
1,1144,1,1,100.00,0.06
1,1145,1,0,0.00,0.06
1,1146,1,1,100.00,0.06
1,1147,1,0,0.00,0.06
1,1148,1,0,0.00,0.06
1,1150,1,1,100.00,0.06
1,1151,1,0,0.00,0.06
1,1152,1,1,100.00,0.06
1,1175,1,0,0.00,0.06
1,1176,1,0,0.00,0.06
1,1177,1,1,100.00,0.06
1,1178,1,1,100.00,0.06
1,1179,1,0,0.00,0.06
1,1180,1,0,0.00,0.06
1,1181,1,0,0.00,0.06
1,1182,1,1,100.00,0.06
1,1195,1,0,0.00,0.06
1,1196,1,0,0.00,0.06
1,1197,1,0,0.00,0.06
1,1198,1,1,100.00,0.06
1,1199,1,0,0.00,0.06
1,1200,1,0,0.00,0.06
1,1201,1,1,100.00,0.06
1,1202,1,1,100.00,0.06
1,1203,1,1,100.00,0.06
1,1204,1,1,100.00,0.06
1,1205,1,1,100.00,0.06
1,1206,1,1,100.00,0.06
1,1207,1,0,0.00,0.06
1,1220,1,1,100.00,0.06
1,1254,1,1,100.00,0.06
1,1255,1,1,100.00,0.06
1,1256,1,1,100.00,0.06
1,1269,2,1,50.00,0.12
1,1270,1,1,100.00,0.06
1,1271,2,1,50.00,0.12
1,1272,2,1,50.00,0.12
1,1273,1,0,0.00,0.06
1,1350,1,1,100.00,0.06
1,1351,1,0,0.00,0.06
1,1352,1,1,100.00,0.06
1,1353,1,1,100.00,0.06
1,1354,1,1,100.00,0.06
1,1355,1,1,100.00,0.06
1,1356,1,0,0.00,0.06
1,1357,1,0,0.00,0.06
1,1358,1,1,100.00,0.06
1,1359,1,1,100.00,0.06
1,1360,1,0,0.00,0.06
1,1361,1,1,100.00,0.06
1,1362,1,0,0.00,0.06
1,1363,1,1,100.00,0.06
1,1364,1,1,100.00,0.06
1,1365,1,0,0.00,0.06
1,1366,1,0,0.00,0.06
1,1367,1,1,100.00,0.06
1,1368,1,1,100.00,0.06
1,1369,1,1,100.00,0.06
1,1370,1,1,100.00,0.06
1,1388,19,13,68.42,1.15
1,1398,1,0,0.00,0.06
1,1399,1,0,0.00,0.06
1,1400,1,0,0.00,0.06
1,1401,1,0,0.00,0.06
1,1402,1,1,100.00,0.06
1,1403,1,0,0.00,0.06
1,1404,1,1,100.00,0.06
1,1405,1,0,0.00,0.06
1,1406,1,0,0.00,0.06
1,1407,1,1,100.00,0.06
1,1408,1,1,100.00,0.06
1,1409,1,0,0.00,0.06
1,1410,1,1,100.00,0.06
1,1411,1,1,100.00,0.06
1,1412,1,0,0.00,0.06
1,1413,1,0,0.00,0.06
1,1414,1,0,0.00,0.06
1,1415,1,0,0.00,0.06
1,1416,1,0,0.00,0.06
1,1417,1,1,100.00,0.06
1,1418,1,0,0.00,0.06
1,1427,1,0,0.00,0.06
1,1428,2,0,0.00,0.12
1,1429,1,1,100.00,0.06
1,1439,1,0,0.00,0.06
1,1440,8,7,87.50,0.48
1,1441,1,0,0.00,0.06
1,1442,1,0,0.00,0.06
1,1443,1,0,0.00,0.06
1,1444,1,0,0.00,0.06
1,1445,1,1,100.00,0.06
1,1461,1,0,0.00,0.06
1,1462,1,1,100.00,0.06
1,1463,1,1,100.00,0.06
1,1464,1,0,0.00,0.06
1,1467,1,0,0.00,0.06
1,1468,1,1,100.00,0.06
1,1475,1,1,100.00,0.06
1,1476,1,0,0.00,0.06
1,1503,1,0,0.00,0.06
1,1504,1,1,100.00,0.06
1,1513,1,0,0.00,0.06
1,1515,1,1,100.00,0.06
1,1516,1,1,100.00,0.06
1,1517,1,1,100.00,0.06
1,1518,1,0,0.00,0.06
1,1519,1,0,0.00,0.06
1,1522,1,0,0.00,0.06
1,1523,1,1,100.00,0.06
1,1524,1,1,100.00,0.06
1,1525,1,0,0.00,0.06
1,1554,1,0,0.00,0.06
1,1595,2,1,50.00,0.12
1,1597,1,0,0.00,0.06
1,1598,1,1,100.00,0.06
1,1618,1,1,100.00,0.06
1,1626,2,0,0.00,0.12
1,1638,3,0,0.00,0.18
1,1702,1,1,100.00,0.06
1,1703,1,1,100.00,0.06
1,1710,1,1,100.00,0.06
1,1711,1,0,0.00,0.06
1,1712,2,1,50.00,0.12
1,1713,3,1,33.33,0.18
1,1714,1,1,100.00,0.06
1,1715,1,1,100.00,0.06
1,1716,2,0,0.00,0.12
1,1717,1,0,0.00,0.06
1,1718,1,1,100.00,0.06
1,1719,1,1,100.00,0.06
1,1720,1,0,0.00,0.06
1,1721,1,1,100.00,0.06
1,1722,1,0,0.00,0.06
1,1726,3,2,66.67,0.18
1,1727,3,1,33.33,0.18
1,1740,1,0,0.00,0.06
1,1741,1,1,100.00,0.06
1,1745,2,0,0.00,0.12
1,1746,1,0,0.00,0.06
1,1754,1,1,100.00,0.06
1,1760,1,1,100.00,0.06
1,1761,1,1,100.00,0.06
1,1762,1,0,0.00,0.06
1,1763,11,5,45.45,0.67
1,1764,1,1,100.00,0.06
1,1765,1,0,0.00,0.06
1,1766,1,1,100.00,0.06
1,1767,1,0,0.00,0.06
1,1768,1,1,100.00,0.06
1,1769,1,1,100.00,0.06
1,1770,1,0,0.00,0.06
1,1771,1,0,0.00,0.06
1,1772,1,1,100.00,0.06
1,1773,5,3,60.00,0.30
1,1774,1,1,100.00,0.06
1,1775,1,0,0.00,0.06
1,1776,1,0,0.00,0.06
1,1777,1,0,0.00,0.06
1,1778,3,1,33.33,0.18
1,1779,1,1,100.00,0.06
1,1780,1,1,100.00,0.06
1,1781,1,0,0.00,0.06
1,1782,2,0,0.00,0.12
1,1783,1,1,100.00,0.06
1,1784,1,1,100.00,0.06
1,1785,1,0,0.00,0.06
1,1786,2,1,50.00,0.12
1,1787,1,0,0.00,0.06
1,1788,1,1,100.00,0.06
1,1789,1,0,0.00,0.06
1,1790,1,1,100.00,0.06
1,1791,1,0,0.00,0.06
1,1792,1,1,100.00,0.06
1,1793,1,0,0.00,0.06
1,1794,2,1,50.00,0.12
1,1809,1,0,0.00,0.06
1,1831,1,1,100.00,0.06
1,1875,2,1,50.00,0.12
1,1876,1,0,0.00,0.06
1,1877,2,1,50.00,0.12
1,1890,1,0,0.00,0.06
1,1891,1,0,0.00,0.06
1,1892,1,1,100.00,0.06
1,1893,1,0,0.00,0.06
1,1894,1,0,0.00,0.06
1,1895,1,1,100.00,0.06
1,1921,1,0,0.00,0.06
1,1922,1,0,0.00,0.06
1,1923,1,0,0.00,0.06
1,1924,1,1,100.00,0.06
1,1925,1,0,0.00,0.06
1,1926,1,1,100.00,0.06
1,1927,1,1,100.00,0.06
1,1928,1,0,0.00,0.06
1,1929,1,0,0.00,0.06
1,1930,11,9,81.82,0.67
1,1931,1,0,0.00,0.06
1,1932,1,0,0.00,0.06
1,1933,1,0,0.00,0.06
1,1934,1,1,100.00,0.06
1,1935,1,0,0.00,0.06
1,1936,1,0,0.00,0.06
1,1937,1,0,0.00,0.06
1,1938,1,0,0.00,0.06
1,1939,1,0,0.00,0.06
1,1940,1,1,100.00,0.06
1,1941,1,0,0.00,0.06
1,1942,1,1,100.00,0.06
1,1943,1,1,100.00,0.06
1,1944,4,2,50.00,0.24
1,1945,1,1,100.00,0.06
1,1946,1,0,0.00,0.06
1,1947,1,1,100.00,0.06
1,1948,1,0,0.00,0.06
1,1960,1,1,100.00,0.06
1,1961,1,0,0.00,0.06
1,1995,2,2,100.00,0.12
1,2000,21,8,38.10,1.27
1,2001,1,1,100.00,0.06
1,2002,1,0,0.00,0.06
1,2003,1,1,100.00,0.06
1,2010,1,1,100.00,0.06
1,2011,1,1,100.00,0.06
1,2012,1,0,0.00,0.06
1,2016,1,1,100.00,0.06
1,2017,1,1,100.00,0.06
1,2018,1,1,100.00,0.06
1,2019,1,1,100.00,0.06
1,2020,1,0,0.00,0.06
1,2021,1,1,100.00,0.06
1,2022,1,0,0.00,0.06
1,2023,1,1,100.00,0.06
1,2024,1,1,100.00,0.06
1,2025,3,1,33.33,0.18
1,2026,1,0,0.00,0.06
1,2027,1,1,100.00,0.06
1,2028,1,0,0.00,0.06
1,2032,1,0,0.00,0.06
1,2036,1,0,0.00,0.06
1,2046,1,0,0.00,0.06
1,2047,1,0,0.00,0.06
1,2048,1,1,100.00,0.06
1,2049,1,0,0.00,0.06
1,2066,1,0,0.00,0.06
1,2067,1,1,100.00,0.06
1,2068,1,1,100.00,0.06
1,2069,1,1,100.00,0.06
1,2070,3,0,0.00,0.18
1,2071,1,1,100.00,0.06
1,2074,1,1,100.00,0.06
1,2075,1,1,100.00,0.06
1,2076,1,1,100.00,0.06
1,2092,1,0,0.00,0.06
1,2093,1,1,100.00,0.06
1,2094,1,0,0.00,0.06
1,2095,1,0,0.00,0.06
1,2096,1,1,100.00,0.06
1,2097,1,1,100.00,0.06
1,2098,1,0,0.00,0.06
1,2099,1,0,0.00,0.06
1,2100,1,1,100.00,0.06
1,2101,1,1,100.00,0.06
1,2102,1,0,0.00,0.06
1,2103,1,0,0.00,0.06
1,2104,1,0,0.00,0.06
1,2105,1,1,100.00,0.06
1,2108,1,0,0.00,0.06
1,2109,1,1,100.00,0.06
1,2110,1,0,0.00,0.06
1,2111,1,1,100.00,0.06
1,2112,4,1,25.00,0.24
1,2113,1,1,100.00,0.06
1,2114,1,1,100.00,0.06
1,2115,1,0,0.00,0.06
1,2116,1,1,100.00,0.06
1,2117,1,1,100.00,0.06
1,2124,1,1,100.00,0.06
1,2125,1,0,0.00,0.06
1,2127,1,1,100.00,0.06
1,2179,1,0,0.00,0.06
1,2218,1,0,0.00,0.06
1,2230,1,0,0.00,0.06
1,2231,1,0,0.00,0.06
1,2251,1,1,100.00,0.06
1,2252,1,0,0.00,0.06
1,2259,1,0,0.00,0.06
1,2260,1,0,0.00,0.06
1,2261,1,1,100.00,0.06
1,2262,1,1,100.00,0.06
1,2263,1,0,0.00,0.06
1,2264,1,0,0.00,0.06
1,2265,1,1,100.00,0.06
1,2266,1,0,0.00,0.06
1,2267,1,0,0.00,0.06
1,2268,1,1,100.00,0.06
1,2269,1,1,100.00,0.06
1,2270,1,0,0.00,0.06
1,2271,1,0,0.00,0.06
1,2272,1,1,100.00,0.06
1,2277,1,0,0.00,0.06
1,2278,1,0,0.00,0.06
1,2279,1,0,0.00,0.06
1,2281,1,0,0.00,0.06
1,2305,1,1,100.00,0.06
1,2339,1,1,100.00,0.06
1,2340,1,1,100.00,0.06
1,2341,1,0,0.00,0.06
1,2342,1,1,100.00,0.06
1,2343,1,0,0.00,0.06
1,2344,1,0,0.00,0.06
1,2345,1,1,100.00,0.06
1,2346,1,1,100.00,0.06
1,2347,1,0,0.00,0.06
1,2348,1,1,100.00,0.06
1,2349,2,1,50.00,0.12
1,2350,1,0,0.00,0.06
1,2351,1,0,0.00,0.06
1,2352,2,1,50.00,0.12
1,2353,1,0,0.00,0.06
1,2354,1,0,0.00,0.06
1,2355,2,1,50.00,0.12
1,2356,1,1,100.00,0.06
1,2371,4,2,50.00,0.24
1,2372,1,1,100.00,0.06
1,2373,1,0,0.00,0.06
1,2374,1,0,0.00,0.06
1,2375,1,1,100.00,0.06
1,2376,6,3,50.00,0.36
1,2377,1,1,100.00,0.06
1,2378,1,0,0.00,0.06
1,2379,1,1,100.00,0.06
1,2380,1,0,0.00,0.06
1,2381,11,7,63.64,0.67
1,2382,1,1,100.00,0.06
1,2383,1,0,0.00,0.06
1,2384,1,0,0.00,0.06
1,2385,1,0,0.00,0.06
1,2386,1,1,100.00,0.06
1,2387,1,0,0.00,0.06
1,2388,1,1,100.00,0.06
1,2389,1,0,0.00,0.06
1,2390,1,0,0.00,0.06
1,2391,1,0,0.00,0.06
1,2392,1,1,100.00,0.06
1,2454,1,0,0.00,0.06
1,2455,1,1,100.00,0.06
1,2461,2,1,50.00,0.12
1,2462,1,1,100.00,0.06
1,2463,1,0,0.00,0.06
1,2524,1,0,0.00,0.06
1,2525,1,0,0.00,0.06
1,2526,1,1,100.00,0.06
1,2527,1,0,0.00,0.06
1,2540,8,6,75.00,0.48
1,2545,1,1,100.00,0.06
1,2546,1,1,100.00,0.06
1,2547,1,0,0.00,0.06
1,2548,1,0,0.00,0.06
1,2549,1,0,0.00,0.06
1,2550,1,0,0.00,0.06
1,2570,1,0,0.00,0.06
1,2585,1,0,0.00,0.06
1,2586,1,1,100.00,0.06
1,2587,1,1,100.00,0.06
1,2588,1,0,0.00,0.06
1,2589,1,0,0.00,0.06
1,2590,1,1,100.00,0.06
1,2591,1,0,0.00,0.06
1,2592,1,0,0.00,0.06
1,2593,1,0,0.00,0.06
1,2594,1,1,100.00,0.06
1,2595,1,0,0.00,0.06
1,2596,1,1,100.00,0.06
1,2597,1,1,100.00,0.06
1,2621,1,1,100.00,0.06
1,2622,1,0,0.00,0.06
1,2623,1,0,0.00,0.06
1,2624,1,1,100.00,0.06
1,2625,4,2,50.00,0.24
1,2626,1,1,100.00,0.06
1,2627,1,1,100.00,0.06
1,2628,1,0,0.00,0.06
1,2629,1,0,0.00,0.06
1,2630,3,2,66.67,0.18
1,2631,1,1,100.00,0.06
1,2632,1,0,0.00,0.06
1,2633,1,0,0.00,0.06
1,2634,3,1,33.33,0.18
1,2635,1,1,100.00,0.06
1,2636,1,1,100.00,0.06
1,2637,1,0,0.00,0.06
1,2709,1,1,100.00,0.06
1,2710,1,0,0.00,0.06
1,2711,1,0,0.00,0.06
1,2712,1,1,100.00,0.06
1,2713,2,2,100.00,0.12
1,2714,1,0,0.00,0.06
1,2715,1,0,0.00,0.06
1,2716,2,0,0.00,0.12
1,2717,1,1,100.00,0.06
1,2718,1,1,100.00,0.06
1,2719,1,1,100.00,0.06
1,2720,1,0,0.00,0.06
1,2721,4,3,75.00,0.24
1,2722,1,1,100.00,0.06
1,2723,1,0,0.00,0.06
1,2724,1,0,0.00,0.06
1,2725,2,1,50.00,0.12
1,2726,1,1,100.00,0.06
1,2727,7,4,57.14,0.42
1,2728,1,1,100.00,0.06
1,2729,1,1,100.00,0.06
1,2730,2,1,50.00,0.12
1,2731,1,1,100.00,0.06
1,2732,1,0,0.00,0.06
1,2733,1,0,0.00,0.06
1,2734,1,1,100.00,0.06
1,2735,1,0,0.00,0.06
1,2805,1,1,100.00,0.06
1,2806,1,0,0.00,0.06
1,2809,1,1,100.00,0.06
1,2810,2,1,50.00,0.12
1,2811,1,0,0.00,0.06
1,2812,1,1,100.00,0.06
1,2813,16,10,62.50,0.97
1,2814,1,1,100.00,0.06
1,2815,1,0,0.00,0.06
1,2816,1,1,100.00,0.06
1,2817,1,0,0.00,0.06
1,2818,1,1,100.00,0.06
1,2819,1,1,100.00,0.06
1,2820,1,0,0.00,0.06
1,2821,1,0,0.00,0.06
1,2822,1,1,100.00,0.06
1,2823,1,0,0.00,0.06
1,2824,1,0,0.00,0.06
1,2825,1,0,0.00,0.06
1,2826,1,0,0.00,0.06
1,2827,1,0,0.00,0.06
1,2828,2,1,50.00,0.12
1,2829,1,0,0.00,0.06
1,2830,1,1,100.00,0.06
1,2831,2,2,100.00,0.12
1,2832,1,0,0.00,0.06
1,2833,1,0,0.00,0.06
1,2843,6,6,100.00,0.36
1,2845,1,0,0.00,0.06
1,2846,1,0,0.00,0.06
1,2847,1,0,0.00,0.06
1,2848,1,0,0.00,0.06
1,2849,1,0,0.00,0.06
1,2850,1,0,0.00,0.06
1,2873,4,4,100.00,0.24
1,2880,1,0,0.00,0.06
1,2881,1,0,0.00,0.06
1,2882,3,3,100.00,0.18
1,2883,2,0,0.00,0.12
1,2884,1,1,100.00,0.06
1,2885,2,2,100.00,0.12
1,2886,1,0,0.00,0.06
1,2895,1,0,0.00,0.06
1,2921,1,1,100.00,0.06
1,2923,1,0,0.00,0.06
1,2924,1,1,100.00,0.06
1,2925,1,1,100.00,0.06
1,2928,1,0,0.00,0.06
1,2929,1,0,0.00,0.06
1,2932,6,2,33.33,0.36
1,2939,2,2,100.00,0.12
1,2940,1,0,0.00,0.06
1,2941,1,0,0.00,0.06
1,2942,1,1,100.00,0.06
1,2943,1,0,0.00,0.06
1,2944,1,1,100.00,0.06
1,2945,1,0,0.00,0.06
1,2946,1,1,100.00,0.06
1,2947,3,2,66.67,0.18
1,2948,1,1,100.00,0.06
1,2949,1,0,0.00,0.06
1,2950,1,1,100.00,0.06
1,2951,1,0,0.00,0.06
1,2953,2,0,0.00,0.12
1,2954,1,1,100.00,0.06
1,2955,1,1,100.00,0.06
1,2956,1,0,0.00,0.06
1,2957,1,1,100.00,0.06
1,2958,3,2,66.67,0.18
1,2959,1,0,0.00,0.06
1,2960,1,0,0.00,0.06
1,2961,1,0,0.00,0.06
1,2962,1,1,100.00,0.06
1,3017,1,1,100.00,0.06
1,3018,1,1,100.00,0.06
1,3019,1,0,0.00,0.06
1,3024,1,0,0.00,0.06
1,3025,1,0,0.00,0.06
1,3026,1,0,0.00,0.06
1,3048,2,1,50.00,0.12
1,3051,1,1,100.00,0.06
1,3052,1,0,0.00,0.06
1,3053,6,3,50.00,0.36
1,3054,1,1,100.00,0.06
1,3055,1,0,0.00,0.06
1,3056,1,1,100.00,0.06
1,3057,1,0,0.00,0.06
1,3058,1,1,100.00,0.06
1,3059,7,4,57.14,0.42
1,3060,1,1,100.00,0.06
1,3064,1,1,100.00,0.06
1,3065,1,0,0.00,0.06
1,3066,1,0,0.00,0.06
1,3067,1,0,0.00,0.06
1,3068,1,1,100.00,0.06
1,3069,1,0,0.00,0.06
1,3070,1,0,0.00,0.06
1,3071,1,1,100.00,0.06
1,3072,3,1,33.33,0.18
1,3073,1,1,100.00,0.06
1,3074,1,0,0.00,0.06
1,3089,1,1,100.00,0.06
1,3090,1,0,0.00,0.06
1,3091,1,1,100.00,0.06
1,3092,1,0,0.00,0.06
1,3093,1,0,0.00,0.06
1,3096,1,1,100.00,0.06
1,3097,1,0,0.00,0.06
1,3098,1,0,0.00,0.06
1,3099,1,1,100.00,0.06
1,3100,1,1,100.00,0.06
1,3101,1,0,0.00,0.06
1,3102,1,0,0.00,0.06
1,3103,1,1,100.00,0.06
1,3104,1,0,0.00,0.06
1,3123,1,0,0.00,0.06
1,3124,1,0,0.00,0.06
1,3125,1,1,100.00,0.06
1,3126,1,0,0.00,0.06
1,3186,1,0,0.00,0.06
1,3187,1,0,0.00,0.06
1,3188,1,0,0.00,0.06
1,3226,1,0,0.00,0.06
1,3227,1,0,0.00,0.06
1,3228,1,0,0.00,0.06
1,3229,1,0,0.00,0.06
1,3230,1,0,0.00,0.06
1,3231,1,1,100.00,0.06
1,3232,1,0,0.00,0.06
1,3233,1,0,0.00,0.06
1,3261,1,0,0.00,0.06
1,3265,1,1,100.00,0.06
1,3266,1,0,0.00,0.06
1,3267,1,0,0.00,0.06
1,3301,1,0,0.00,0.06
1,3302,1,1,100.00,0.06
1,3303,1,0,0.00,0.06
1,3304,1,1,100.00,0.06
1,3305,2,0,0.00,0.12
1,3306,1,0,0.00,0.06
1,3307,1,1,100.00,0.06
1,3308,1,1,100.00,0.06
1,3311,1,1,100.00,0.06
1,3378,1,0,0.00,0.06
1,3379,1,1,100.00,0.06
1,3380,1,0,0.00,0.06
1,3381,1,0,0.00,0.06
1,3382,2,0,0.00,0.12
1,3383,1,1,100.00,0.06
1,3389,1,1,100.00,0.06
1,3390,1,0,0.00,0.06
1,3391,1,0,0.00,0.06
1,3392,1,1,100.00,0.06
1,3442,2,0,0.00,0.12
1,3443,1,1,100.00,0.06
1,3444,1,1,100.00,0.06
1,3477,1,1,100.00,0.06
1,3488,4,4,100.00,0.24
1,3489,1,0,0.00,0.06
1,3494,1,0,0.00,0.06
1,3495,1,0,0.00,0.06
1,3496,1,0,0.00,0.06
1,3577,3,2,66.67,0.18
1,3578,1,1,100.00,0.06
1,3579,1,0,0.00,0.06
1,3580,1,0,0.00,0.06
1,3581,1,1,100.00,0.06
1,3582,1,0,0.00,0.06
1,3599,1,1,100.00,0.06
1,3600,1,0,0.00,0.06
1,3601,1,0,0.00,0.06
1,3602,1,0,0.00,0.06
1,3603,1,0,0.00,0.06
1,3629,1,1,100.00,0.06
1,3630,1,0,0.00,0.06
1,3635,1,1,100.00,0.06
1,3636,1,0,0.00,0.06
1,3637,1,0,0.00,0.06
1,3638,1,0,0.00,0.06
1,3639,1,0,0.00,0.06
1,3669,1,0,0.00,0.06
1,3670,1,0,0.00,0.06
1,3671,1,1,100.00,0.06
1,3672,1,0,0.00,0.06
1,3673,1,1,100.00,0.06
1,3674,1,1,100.00,0.06
1,3676,1,0,0.00,0.06
1,3677,1,0,0.00,0.06
1,3678,1,1,100.00,0.06
1,3679,1,0,0.00,0.06
1,3680,1,0,0.00,0.06
1,3681,1,0,0.00,0.06
1,3682,1,1,100.00,0.06
1,3742,1,1,100.00,0.06
1,3743,1,0,0.00,0.06
1,3744,1,1,100.00,0.06
1,3746,2,0,0.00,0.12
1,3748,1,1,100.00,0.06
1,3749,1,1,100.00,0.06
1,3750,1,0,0.00,0.06
1,3755,1,0,0.00,0.06
1,3756,1,0,0.00,0.06
1,3757,1,1,100.00,0.06
1,3758,1,1,100.00,0.06
1,3759,1,1,100.00,0.06
1,3760,1,1,100.00,0.06
1,3761,1,0,0.00,0.06
1,3762,1,0,0.00,0.06
1,3763,1,0,0.00,0.06
1,3764,1,0,0.00,0.06
1,3765,1,1,100.00,0.06
1,3766,1,1,100.00,0.06
1,3767,1,0,0.00,0.06
1,3768,1,1,100.00,0.06
1,3769,1,1,100.00,0.06
1,3791,1,1,100.00,0.06
1,3792,1,1,100.00,0.06
1,3793,1,0,0.00,0.06
1,3794,1,0,0.00,0.06
1,3795,1,0,0.00,0.06
1,3796,1,0,0.00,0.06
1,3797,1,0,0.00,0.06
1,3798,1,0,0.00,0.06
1,3799,1,1,100.00,0.06
1,3800,1,1,100.00,0.06
1,3801,1,0,0.00,0.06
1,3883,2,2,100.00,0.12
1,3885,1,1,100.00,0.06
1,3887,1,0,0.00,0.06
1,3888,1,0,0.00,0.06
1,3891,1,0,0.00,0.06
1,3892,1,1,100.00,0.06
1,3893,1,0,0.00,0.06
1,3929,1,0,0.00,0.06
1,3930,1,0,0.00,0.06
1,3931,1,0,0.00,0.06
1,3932,1,0,0.00,0.06
1,3933,1,0,0.00,0.06
1,3934,1,0,0.00,0.06
1,3935,1,0,0.00,0.06
1,3936,1,0,0.00,0.06
1,3937,1,1,100.00,0.06
1,3938,1,0,0.00,0.06
1,3939,1,0,0.00,0.06
1,3940,1,0,0.00,0.06
1,3941,1,0,0.00,0.06
1,3942,1,0,0.00,0.06
1,3944,5,5,100.00,0.30
1,3945,1,0,0.00,0.06
1,3946,1,1,100.00,0.06
1,3947,1,0,0.00,0.06
1,3948,1,0,0.00,0.06
1,3949,1,0,0.00,0.06
1,3950,1,0,0.00,0.06
1,3951,1,0,0.00,0.06
1,4095,5,3,60.00,0.30
1,4096,1,1,100.00,0.06
1,4097,1,0,0.00,0.06
1,4098,1,0,0.00,0.06
1,4099,1,0,0.00,0.06
1,4100,1,1,100.00,0.06
1,4133,24,12,50.00,1.45
1,4135,1,0,0.00,0.06
1,4136,1,0,0.00,0.06
1,4137,1,0,0.00,0.06
1,4138,1,1,100.00,0.06
1,4139,1,1,100.00,0.06
1,4140,1,1,100.00,0.06
1,4141,1,0,0.00,0.06
1,4142,1,1,100.00,0.06
1,4143,1,1,100.00,0.06
1,4144,1,0,0.00,0.06
1,4145,4,1,25.00,0.24
1,4146,1,1,100.00,0.06
1,4147,3,0,0.00,0.18
1,4148,1,0,0.00,0.06
1,4149,1,1,100.00,0.06
1,4150,1,1,100.00,0.06
1,4151,1,0,0.00,0.06
1,4152,2,2,100.00,0.12
1,4153,1,1,100.00,0.06
1,4154,1,1,100.00,0.06
1,4155,1,1,100.00,0.06
1,4156,1,1,100.00,0.06
1,4157,1,1,100.00,0.06
1,4158,1,1,100.00,0.06
1,4191,1,1,100.00,0.06
1,4212,1,0,0.00,0.06
1,4213,1,1,100.00,0.06
1,4214,1,0,0.00,0.06
1,4215,1,0,0.00,0.06
1,4216,1,0,0.00,0.06
1,4217,1,0,0.00,0.06
1,4218,1,0,0.00,0.06
1,4219,1,0,0.00,0.06
1,4220,1,1,100.00,0.06
1,4221,5,4,80.00,0.30
1,4222,1,1,100.00,0.06
1,4223,1,0,0.00,0.06
1,4224,1,0,0.00,0.06
1,4225,2,1,50.00,0.12
1,4226,1,0,0.00,0.06
1,4232,1,0,0.00,0.06
1,4233,4,1,25.00,0.24
1,4234,1,1,100.00,0.06
1,4241,1,1,100.00,0.06
1,4249,1,0,0.00,0.06
1,4280,1,1,100.00,0.06
1,4281,1,1,100.00,0.06
1,4282,1,1,100.00,0.06
2,3,3,3,100.00,0.37
2,17,11,5,45.45,1.37
2,21,1,0,0.00,0.12
2,42,3,2,66.67,0.37
2,49,6,5,83.33,0.75
2,59,3,3,100.00,0.37
2,69,1,1,100.00,0.12
2,103,2,1,50.00,0.25
2,130,15,8,53.33,1.87
2,170,2,2,100.00,0.25
2,191,4,3,75.00,0.50
2,193,9,6,66.67,1.12
2,219,2,1,50.00,0.25
2,222,1,1,100.00,0.12
2,225,9,8,88.89,1.12
2,226,1,1,100.00,0.12
2,232,4,1,25.00,0.50
2,236,24,9,37.50,2.99
2,245,8,5,62.50,1.00
2,247,14,10,71.43,1.75
2,256,3,1,33.33,0.37
2,260,16,14,87.50,2.00
2,267,2,0,0.00,0.25
2,275,2,0,0.00,0.25
2,279,1,1,100.00,0.12
2,287,17,9,52.94,2.12
2,289,3,1,33.33,0.37
2,306,1,0,0.00,0.12
2,309,3,0,0.00,0.37
2,315,9,7,77.78,1.12
2,331,1,1,100.00,0.12
2,352,4,2,50.00,0.50
2,382,4,3,75.00,0.50
2,404,4,3,75.00,0.50
2,415,14,10,71.43,1.75
2,418,5,1,20.00,0.62
2,427,25,13,52.00,3.12
2,435,2,2,100.00,0.25
2,451,1,0,0.00,0.12
2,468,13,6,46.15,1.62
2,491,8,6,75.00,1.00
2,505,3,2,66.67,0.37
2,521,1,0,0.00,0.12
2,531,3,3,100.00,0.37
2,563,3,1,33.33,0.37
2,578,7,5,71.43,0.87
2,583,10,5,50.00,1.25
2,604,1,1,100.00,0.12
2,612,1,1,100.00,0.12
2,621,1,0,0.00,0.12
2,675,1,0,0.00,0.12
2,704,1,0,0.00,0.12
2,705,1,0,0.00,0.12
2,706,2,0,0.00,0.25
2,714,2,1,50.00,0.25
2,796,1,0,0.00,0.12
2,797,1,0,0.00,0.12
2,798,1,1,100.00,0.12
2,799,16,10,62.50,2.00
2,800,1,1,100.00,0.12
2,801,1,0,0.00,0.12
2,802,2,2,100.00,0.25
2,803,1,1,100.00,0.12
2,804,1,0,0.00,0.12
2,805,1,0,0.00,0.12
2,806,1,0,0.00,0.12
2,807,1,1,100.00,0.12
2,808,1,1,100.00,0.12
2,809,1,0,0.00,0.12
2,810,1,0,0.00,0.12
2,811,1,1,100.00,0.12
2,812,1,0,0.00,0.12
2,813,1,0,0.00,0.12
2,814,1,1,100.00,0.12
2,903,1,0,0.00,0.12
2,904,1,0,0.00,0.12
2,905,1,0,0.00,0.12
2,906,1,0,0.00,0.12
2,907,1,0,0.00,0.12
2,908,1,1,100.00,0.12
2,909,1,0,0.00,0.12
2,910,1,0,0.00,0.12
2,911,1,0,0.00,0.12
2,912,1,0,0.00,0.12
2,913,1,0,0.00,0.12
2,914,1,0,0.00,0.12
2,915,1,1,100.00,0.12
2,916,1,0,0.00,0.12
2,993,1,1,100.00,0.12
2,994,1,0,0.00,0.12
2,995,1,0,0.00,0.12
2,996,1,1,100.00,0.12
2,997,1,0,0.00,0.12
2,998,1,0,0.00,0.12
2,999,1,0,0.00,0.12
2,1000,1,0,0.00,0.12
2,1001,1,0,0.00,0.12
2,1004,1,1,100.00,0.12
2,1005,1,0,0.00,0.12
2,1006,1,0,0.00,0.12
2,1007,1,0,0.00,0.12
2,1081,1,1,100.00,0.12
2,1082,1,0,0.00,0.12
2,1083,1,0,0.00,0.12
2,1084,1,0,0.00,0.12
2,1085,1,0,0.00,0.12
2,1086,1,1,100.00,0.12
2,1087,1,0,0.00,0.12
2,1088,1,0,0.00,0.12
2,1089,1,0,0.00,0.12
2,1122,1,1,100.00,0.12
2,1123,1,1,100.00,0.12
2,1128,1,0,0.00,0.12
2,1133,1,1,100.00,0.12
2,1134,1,0,0.00,0.12
2,1135,1,1,100.00,0.12
2,1136,1,0,0.00,0.12
2,1137,1,0,0.00,0.12
2,1138,1,0,0.00,0.12
2,1139,1,0,0.00,0.12
2,1140,1,1,100.00,0.12
2,1141,1,0,0.00,0.12
2,1142,1,0,0.00,0.12
2,1143,1,1,100.00,0.12
2,1144,1,1,100.00,0.12
2,1145,1,0,0.00,0.12
2,1146,1,1,100.00,0.12
2,1147,1,0,0.00,0.12
2,1148,1,0,0.00,0.12
2,1150,1,1,100.00,0.12
2,1151,1,0,0.00,0.12
2,1152,1,1,100.00,0.12
2,1195,1,0,0.00,0.12
2,1196,1,0,0.00,0.12
2,1197,1,0,0.00,0.12
2,1198,1,1,100.00,0.12
2,1199,1,0,0.00,0.12
2,1200,1,0,0.00,0.12
2,1201,1,1,100.00,0.12
2,1202,1,1,100.00,0.12
2,1203,1,1,100.00,0.12
2,1204,1,1,100.00,0.12
2,1205,1,1,100.00,0.12
2,1206,1,1,100.00,0.12
2,1207,1,0,0.00,0.12
2,1254,1,1,100.00,0.12
2,1255,1,1,100.00,0.12
2,1256,1,1,100.00,0.12
2,1269,2,1,50.00,0.25
2,1270,1,1,100.00,0.12
2,1271,2,1,50.00,0.25
2,1272,2,1,50.00,0.25
2,1273,1,0,0.00,0.12
2,1350,1,1,100.00,0.12
2,1351,1,0,0.00,0.12
2,1352,1,1,100.00,0.12
2,1353,1,1,100.00,0.12
2,1354,1,1,100.00,0.12
2,1355,1,1,100.00,0.12
2,1356,1,0,0.00,0.12
2,1357,1,0,0.00,0.12
2,1358,1,1,100.00,0.12
2,1359,1,1,100.00,0.12
2,1360,1,0,0.00,0.12
2,1361,1,1,100.00,0.12
2,1362,1,0,0.00,0.12
2,1363,1,1,100.00,0.12
2,1364,1,1,100.00,0.12
2,1365,1,0,0.00,0.12
2,1366,1,0,0.00,0.12
2,1367,1,1,100.00,0.12
2,1368,1,1,100.00,0.12
2,1369,1,1,100.00,0.12
2,1370,1,1,100.00,0.12
2,1513,1,0,0.00,0.12
2,1515,1,1,100.00,0.12
2,1516,1,1,100.00,0.12
2,1517,1,1,100.00,0.12
2,1518,1,0,0.00,0.12
2,1519,1,0,0.00,0.12
2,1522,1,0,0.00,0.12
2,1523,1,1,100.00,0.12
2,1524,1,1,100.00,0.12
2,1525,1,0,0.00,0.12
2,1554,1,0,0.00,0.12
2,1595,2,1,50.00,0.25
2,1597,1,0,0.00,0.12
2,1598,1,1,100.00,0.12
2,1618,1,1,100.00,0.12
2,1638,1,0,0.00,0.12
2,1745,1,0,0.00,0.12
2,1760,1,1,100.00,0.12
2,1761,1,1,100.00,0.12
2,1762,1,0,0.00,0.12
2,1763,11,5,45.45,1.37
2,1764,1,1,100.00,0.12
2,1765,1,0,0.00,0.12
2,1766,1,1,100.00,0.12
2,1767,1,0,0.00,0.12
2,1768,1,1,100.00,0.12
2,1769,1,1,100.00,0.12
2,1770,1,0,0.00,0.12
2,1771,1,0,0.00,0.12
2,1772,1,1,100.00,0.12
2,1773,5,3,60.00,0.62
2,1774,1,1,100.00,0.12
2,1775,1,0,0.00,0.12
2,1776,1,0,0.00,0.12
2,1777,1,0,0.00,0.12
2,1778,3,1,33.33,0.37
2,1779,1,1,100.00,0.12
2,1780,1,1,100.00,0.12
2,1781,1,0,0.00,0.12
2,1782,2,0,0.00,0.25
2,1783,1,1,100.00,0.12
2,1784,1,1,100.00,0.12
2,1785,1,0,0.00,0.12
2,1786,2,1,50.00,0.25
2,1787,1,0,0.00,0.12
2,1788,1,1,100.00,0.12
2,1789,1,0,0.00,0.12
2,1790,1,1,100.00,0.12
2,1791,1,0,0.00,0.12
2,1792,1,1,100.00,0.12
2,1793,1,0,0.00,0.12
2,1794,1,0,0.00,0.12
2,1831,1,1,100.00,0.12
2,1995,1,1,100.00,0.12
2,2000,21,8,38.10,2.62
2,2001,1,1,100.00,0.12
2,2002,1,0,0.00,0.12
2,2003,1,1,100.00,0.12
2,2010,1,1,100.00,0.12
2,2011,1,1,100.00,0.12
2,2012,1,0,0.00,0.12
2,2016,1,1,100.00,0.12
2,2017,1,1,100.00,0.12
2,2018,1,1,100.00,0.12
2,2019,1,1,100.00,0.12
2,2020,1,0,0.00,0.12
2,2021,1,1,100.00,0.12
2,2022,1,0,0.00,0.12
2,2023,1,1,100.00,0.12
2,2024,1,1,100.00,0.12
2,2025,2,0,0.00,0.25
2,2026,1,0,0.00,0.12
2,2027,1,1,100.00,0.12
2,2028,1,0,0.00,0.12
2,2032,1,0,0.00,0.12
2,2036,1,0,0.00,0.12
2,2046,1,0,0.00,0.12
2,2047,1,0,0.00,0.12
2,2048,1,1,100.00,0.12
2,2049,1,0,0.00,0.12
2,2066,1,0,0.00,0.12
2,2067,1,1,100.00,0.12
2,2068,1,1,100.00,0.12
2,2069,1,1,100.00,0.12
2,2070,3,0,0.00,0.37
2,2071,1,1,100.00,0.12
2,2074,1,1,100.00,0.12
2,2075,1,1,100.00,0.12
2,2076,1,1,100.00,0.12
2,2112,3,1,33.33,0.37
2,2124,1,1,100.00,0.12
2,2125,1,0,0.00,0.12
2,2127,1,1,100.00,0.12
2,2218,1,0,0.00,0.12
2,2230,1,0,0.00,0.12
2,2231,1,0,0.00,0.12
2,2305,1,1,100.00,0.12
2,2371,4,2,50.00,0.50
2,2372,1,1,100.00,0.12
2,2373,1,0,0.00,0.12
2,2374,1,0,0.00,0.12
2,2375,1,1,100.00,0.12
2,2376,6,3,50.00,0.75
2,2377,1,1,100.00,0.12
2,2378,1,0,0.00,0.12
2,2379,1,1,100.00,0.12
2,2380,1,0,0.00,0.12
2,2381,11,7,63.64,1.37
2,2382,1,1,100.00,0.12
2,2383,1,0,0.00,0.12
2,2384,1,0,0.00,0.12
2,2385,1,0,0.00,0.12
2,2386,1,1,100.00,0.12
2,2387,1,0,0.00,0.12
2,2388,1,1,100.00,0.12
2,2389,1,0,0.00,0.12
2,2390,1,0,0.00,0.12
2,2391,1,0,0.00,0.12
2,2392,1,1,100.00,0.12
2,2454,1,0,0.00,0.12
2,2455,1,1,100.00,0.12
2,2461,2,1,50.00,0.25
2,2462,1,1,100.00,0.12
2,2463,1,0,0.00,0.12
2,2524,1,0,0.00,0.12
2,2525,1,0,0.00,0.12
2,2526,1,1,100.00,0.12
2,2527,1,0,0.00,0.12
2,2540,8,6,75.00,1.00
2,2545,1,1,100.00,0.12
2,2546,1,1,100.00,0.12
2,2547,1,0,0.00,0.12
2,2548,1,0,0.00,0.12
2,2549,1,0,0.00,0.12
2,2550,1,0,0.00,0.12
2,2570,1,0,0.00,0.12
2,2585,1,0,0.00,0.12
2,2586,1,1,100.00,0.12
2,2587,1,1,100.00,0.12
2,2588,1,0,0.00,0.12
2,2589,1,0,0.00,0.12
2,2590,1,1,100.00,0.12
2,2591,1,0,0.00,0.12
2,2592,1,0,0.00,0.12
2,2593,1,0,0.00,0.12
2,2594,1,1,100.00,0.12
2,2595,1,0,0.00,0.12
2,2596,1,1,100.00,0.12
2,2597,1,1,100.00,0.12
2,3017,1,1,100.00,0.12
2,3018,1,1,100.00,0.12
2,3019,1,0,0.00,0.12
2,3024,1,0,0.00,0.12
2,3048,2,1,50.00,0.25
2,3051,1,1,100.00,0.12
2,3052,1,0,0.00,0.12
2,3053,6,3,50.00,0.75
2,3054,1,1,100.00,0.12
2,3055,1,0,0.00,0.12
2,3056,1,1,100.00,0.12
2,3057,1,0,0.00,0.12
2,3058,1,1,100.00,0.12
2,3059,7,4,57.14,0.87
2,3060,1,1,100.00,0.12
2,3064,1,1,100.00,0.12
2,3065,1,0,0.00,0.12
2,3066,1,0,0.00,0.12
2,3067,1,0,0.00,0.12
2,3068,1,1,100.00,0.12
2,3069,1,0,0.00,0.12
2,3070,1,0,0.00,0.12
2,3071,1,1,100.00,0.12
2,3072,3,1,33.33,0.37
2,3073,1,1,100.00,0.12
2,3074,1,0,0.00,0.12
2,3089,1,1,100.00,0.12
2,3090,1,0,0.00,0.12
2,3091,1,1,100.00,0.12
2,3092,1,0,0.00,0.12
2,3093,1,0,0.00,0.12
2,3096,1,1,100.00,0.12
2,3097,1,0,0.00,0.12
2,3098,1,0,0.00,0.12
2,3099,1,1,100.00,0.12
2,3100,1,1,100.00,0.12
2,3101,1,0,0.00,0.12
2,3102,1,0,0.00,0.12
2,3103,1,1,100.00,0.12
2,3104,1,0,0.00,0.12
2,3123,1,0,0.00,0.12
2,3124,1,0,0.00,0.12
2,3125,1,1,100.00,0.12
2,3126,1,0,0.00,0.12
2,3186,1,0,0.00,0.12
2,3187,1,0,0.00,0.12
2,3188,1,0,0.00,0.12
2,3226,1,0,0.00,0.12
2,3227,1,0,0.00,0.12
2,3228,1,0,0.00,0.12
2,3229,1,0,0.00,0.12
2,3230,1,0,0.00,0.12
2,3231,1,1,100.00,0.12
2,3232,1,0,0.00,0.12
2,3233,1,0,0.00,0.12
2,3378,1,0,0.00,0.12
2,3379,1,1,100.00,0.12
2,3380,1,0,0.00,0.12
2,3381,1,0,0.00,0.12
2,3382,2,0,0.00,0.25
2,3383,1,1,100.00,0.12
2,3389,1,1,100.00,0.12
2,3390,1,0,0.00,0.12
2,3391,1,0,0.00,0.12
2,3392,1,1,100.00,0.12
2,3599,1,1,100.00,0.12
2,3600,1,0,0.00,0.12
2,3601,1,0,0.00,0.12
2,3602,1,0,0.00,0.12
2,3603,1,0,0.00,0.12
2,3629,1,1,100.00,0.12
2,3630,1,0,0.00,0.12
2,3635,1,1,100.00,0.12
2,3636,1,0,0.00,0.12
2,3637,1,0,0.00,0.12
2,3638,1,0,0.00,0.12
2,3639,1,0,0.00,0.12
2,3669,1,0,0.00,0.12
2,3670,1,0,0.00,0.12
2,3671,1,1,100.00,0.12
2,3672,1,0,0.00,0.12
2,3673,1,1,100.00,0.12
2,3674,1,1,100.00,0.12
2,3676,1,0,0.00,0.12
2,3677,1,0,0.00,0.12
2,3678,1,1,100.00,0.12
2,3679,1,0,0.00,0.12
2,3680,1,0,0.00,0.12
2,3681,1,0,0.00,0.12
2,3682,1,1,100.00,0.12
2,3791,1,1,100.00,0.12
2,3792,1,1,100.00,0.12
2,3793,1,0,0.00,0.12
2,3794,1,0,0.00,0.12
2,3795,1,0,0.00,0.12
2,3796,1,0,0.00,0.12
2,3797,1,0,0.00,0.12
2,3798,1,0,0.00,0.12
2,3799,1,1,100.00,0.12
2,3800,1,1,100.00,0.12
2,3801,1,0,0.00,0.12
2,4095,5,3,60.00,0.62
2,4096,1,1,100.00,0.12
2,4097,1,0,0.00,0.12
2,4098,1,0,0.00,0.12
2,4099,1,0,0.00,0.12
2,4100,1,1,100.00,0.12
2,4191,1,1,100.00,0.12
2,4212,1,0,0.00,0.12
2,4213,1,1,100.00,0.12
2,4214,1,0,0.00,0.12
2,4215,1,0,0.00,0.12
2,4216,1,0,0.00,0.12
2,4217,1,0,0.00,0.12
2,4218,1,0,0.00,0.12
2,4219,1,0,0.00,0.12
2,4220,1,1,100.00,0.12
2,4221,5,4,80.00,0.62
2,4222,1,1,100.00,0.12
2,4223,1,0,0.00,0.12
2,4224,1,0,0.00,0.12
2,4225,2,1,50.00,0.25
2,4226,1,0,0.00,0.12
3,17,4,1,25.00,1.04
3,42,1,0,0.00,0.26
3,219,2,0,0.00,0.52
3,220,1,0,0.00,0.26
3,223,1,1,100.00,0.26
3,232,1,0,0.00,0.26
3,249,19,9,47.37,4.94
3,251,1,0,0.00,0.26
3,267,3,0,0.00,0.78
3,289,4,3,75.00,1.04
3,306,1,0,0.00,0.26
3,314,1,1,100.00,0.26
3,352,6,5,83.33,1.56
3,378,2,2,100.00,0.52
3,394,8,5,62.50,2.08
3,402,12,8,66.67,3.12
3,417,1,0,0.00,0.26
3,489,1,0,0.00,0.26
3,500,27,14,51.85,7.01
3,509,4,3,75.00,1.04
3,523,2,2,100.00,0.52
3,537,1,1,100.00,0.26
3,706,1,1,100.00,0.26
3,755,1,1,100.00,0.26
3,775,1,0,0.00,0.26
3,776,1,0,0.00,0.26
3,777,1,0,0.00,0.26
3,778,1,0,0.00,0.26
3,779,1,0,0.00,0.26
3,780,1,0,0.00,0.26
3,781,1,1,100.00,0.26
3,782,1,0,0.00,0.26
3,787,3,3,100.00,0.78
3,788,1,0,0.00,0.26
3,789,1,0,0.00,0.26
3,790,1,0,0.00,0.26
3,791,1,1,100.00,0.26
3,1049,1,1,100.00,0.26
3,1220,1,1,100.00,0.26
3,1417,1,1,100.00,0.26
3,1418,1,0,0.00,0.26
3,1427,1,0,0.00,0.26
3,1428,1,0,0.00,0.26
3,1429,1,1,100.00,0.26
3,1439,1,0,0.00,0.26
3,1440,8,7,87.50,2.08
3,1441,1,0,0.00,0.26
3,1442,1,0,0.00,0.26
3,1443,1,0,0.00,0.26
3,1444,1,0,0.00,0.26
3,1445,1,1,100.00,0.26
3,1626,2,0,0.00,0.52
3,1702,1,1,100.00,0.26
3,1703,1,1,100.00,0.26
3,1710,1,1,100.00,0.26
3,1711,1,0,0.00,0.26
3,1712,2,1,50.00,0.52
3,1713,3,1,33.33,0.78
3,1714,1,1,100.00,0.26
3,1715,1,1,100.00,0.26
3,1716,2,0,0.00,0.52
3,1717,1,0,0.00,0.26
3,1718,1,1,100.00,0.26
3,1719,1,1,100.00,0.26
3,1720,1,0,0.00,0.26
3,1721,1,1,100.00,0.26
3,1722,1,0,0.00,0.26
3,1726,3,2,66.67,0.78
3,1727,3,1,33.33,0.78
3,1740,1,0,0.00,0.26
3,1741,1,1,100.00,0.26
3,1745,1,0,0.00,0.26
3,1746,1,0,0.00,0.26
3,1754,1,1,100.00,0.26
3,1794,1,1,100.00,0.26
3,1809,1,0,0.00,0.26
3,1875,2,1,50.00,0.52
3,1876,1,0,0.00,0.26
3,1877,2,1,50.00,0.52
3,1890,1,0,0.00,0.26
3,1891,1,0,0.00,0.26
3,1892,1,1,100.00,0.26
3,1893,1,0,0.00,0.26
3,1894,1,0,0.00,0.26
3,1895,1,1,100.00,0.26
3,2025,1,1,100.00,0.26
3,2092,1,0,0.00,0.26
3,2093,1,1,100.00,0.26
3,2094,1,0,0.00,0.26
3,2095,1,0,0.00,0.26
3,2096,1,1,100.00,0.26
3,2097,1,1,100.00,0.26
3,2098,1,0,0.00,0.26
3,2099,1,0,0.00,0.26
3,2100,1,1,100.00,0.26
3,2101,1,1,100.00,0.26
3,2102,1,0,0.00,0.26
3,2103,1,0,0.00,0.26
3,2104,1,0,0.00,0.26
3,2105,1,1,100.00,0.26
3,2108,1,0,0.00,0.26
3,2109,1,1,100.00,0.26
3,2110,1,0,0.00,0.26
3,2111,1,1,100.00,0.26
3,2112,1,0,0.00,0.26
3,2113,1,1,100.00,0.26
3,2114,1,1,100.00,0.26
3,2115,1,0,0.00,0.26
3,2116,1,1,100.00,0.26
3,2117,1,1,100.00,0.26
3,2179,1,0,0.00,0.26
3,2339,1,1,100.00,0.26
3,2340,1,1,100.00,0.26
3,2341,1,0,0.00,0.26
3,2342,1,1,100.00,0.26
3,2343,1,0,0.00,0.26
3,2344,1,0,0.00,0.26
3,2345,1,1,100.00,0.26
3,2346,1,1,100.00,0.26
3,2347,1,0,0.00,0.26
3,2348,1,1,100.00,0.26
3,2349,2,1,50.00,0.52
3,2350,1,0,0.00,0.26
3,2351,1,0,0.00,0.26
3,2352,1,1,100.00,0.26
3,2353,1,0,0.00,0.26
3,2354,1,0,0.00,0.26
3,2355,1,0,0.00,0.26
3,2356,1,1,100.00,0.26
3,2843,6,6,100.00,1.56
3,2845,1,0,0.00,0.26
3,2846,1,0,0.00,0.26
3,2847,1,0,0.00,0.26
3,2848,1,0,0.00,0.26
3,2849,1,0,0.00,0.26
3,2850,1,0,0.00,0.26
3,2873,2,2,100.00,0.52
3,2880,1,0,0.00,0.26
3,2895,1,0,0.00,0.26
3,2921,1,1,100.00,0.26
3,2923,1,0,0.00,0.26
3,2924,1,1,100.00,0.26
3,2925,1,1,100.00,0.26
3,2928,1,0,0.00,0.26
3,2929,1,0,0.00,0.26
3,2932,6,2,33.33,1.56
3,2939,2,2,100.00,0.52
3,2940,1,0,0.00,0.26
3,2941,1,0,0.00,0.26
3,2942,1,1,100.00,0.26
3,2943,1,0,0.00,0.26
3,2944,1,1,100.00,0.26
3,2945,1,0,0.00,0.26
3,2946,1,1,100.00,0.26
3,2947,3,2,66.67,0.78
3,2948,1,1,100.00,0.26
3,2949,1,0,0.00,0.26
3,2950,1,1,100.00,0.26
3,2951,1,0,0.00,0.26
3,2953,2,0,0.00,0.52
3,2954,1,1,100.00,0.26
3,2955,1,1,100.00,0.26
3,2956,1,0,0.00,0.26
3,2957,1,1,100.00,0.26
3,2958,3,2,66.67,0.78
3,2959,1,0,0.00,0.26
3,2960,1,0,0.00,0.26
3,2961,1,0,0.00,0.26
3,2962,1,1,100.00,0.26
3,3025,1,0,0.00,0.26
3,3026,1,0,0.00,0.26
3,3261,1,0,0.00,0.26
3,3265,1,1,100.00,0.26
3,3266,1,0,0.00,0.26
3,3267,1,0,0.00,0.26
3,3442,2,0,0.00,0.52
3,3443,1,1,100.00,0.26
3,3444,1,1,100.00,0.26
3,3477,1,1,100.00,0.26
3,3488,4,4,100.00,1.04
3,3489,1,0,0.00,0.26
3,3494,1,0,0.00,0.26
3,3495,1,0,0.00,0.26
3,3496,1,0,0.00,0.26
3,3577,3,2,66.67,0.78
3,3578,1,1,100.00,0.26
3,3579,1,0,0.00,0.26
3,3580,1,0,0.00,0.26
3,3581,1,1,100.00,0.26
3,3582,1,0,0.00,0.26
3,3883,2,2,100.00,0.52
3,3885,1,1,100.00,0.26
3,3887,1,0,0.00,0.26
3,3888,1,0,0.00,0.26
3,3891,1,0,0.00,0.26
3,3892,1,1,100.00,0.26
3,3893,1,0,0.00,0.26
3,4133,24,12,50.00,6.23
3,4135,1,0,0.00,0.26
3,4136,1,0,0.00,0.26
3,4137,1,0,0.00,0.26
3,4138,1,1,100.00,0.26
3,4139,1,1,100.00,0.26
3,4140,1,1,100.00,0.26
3,4141,1,0,0.00,0.26
3,4142,1,1,100.00,0.26
3,4143,1,1,100.00,0.26
3,4144,1,0,0.00,0.26
3,4145,4,1,25.00,1.04
3,4146,1,1,100.00,0.26
3,4147,3,0,0.00,0.78
3,4148,1,0,0.00,0.26
3,4149,1,1,100.00,0.26
3,4150,1,1,100.00,0.26
3,4151,1,0,0.00,0.26
3,4152,2,2,100.00,0.52
3,4153,1,1,100.00,0.26
3,4154,1,1,100.00,0.26
3,4155,1,1,100.00,0.26
3,4156,1,1,100.00,0.26
3,4157,1,1,100.00,0.26
3,4158,1,1,100.00,0.26
3,4232,1,0,0.00,0.26
3,4233,4,1,25.00,1.04
3,4234,1,1,100.00,0.26
3,4241,1,1,100.00,0.26
3,4249,1,0,0.00,0.26
4,17,4,0,0.00,0.86
4,33,1,0,0.00,0.22
4,42,1,1,100.00,0.22
4,163,21,10,47.62,4.54
4,172,8,5,62.50,1.73
4,182,6,4,66.67,1.30
4,232,2,0,0.00,0.43
4,285,5,3,60.00,1.08
4,300,7,4,57.14,1.51
4,314,1,1,100.00,0.22
4,317,14,7,50.00,3.02
4,333,16,8,50.00,3.46
4,345,2,1,50.00,0.43
4,359,14,13,92.86,3.02
4,395,20,13,65.00,4.32
4,464,9,4,44.44,1.94
4,489,1,0,0.00,0.22
4,774,1,0,0.00,0.22
4,845,1,0,0.00,0.22
4,846,1,1,100.00,0.22
4,1040,1,1,100.00,0.22
4,1041,1,0,0.00,0.22
4,1042,1,1,100.00,0.22
4,1043,1,0,0.00,0.22
4,1044,2,1,50.00,0.43
4,1045,3,0,0.00,0.65
4,1046,2,1,50.00,0.43
4,1047,2,0,0.00,0.43
4,1048,1,1,100.00,0.22
4,1049,1,0,0.00,0.22
4,1050,2,1,50.00,0.43
4,1051,1,1,100.00,0.22
4,1052,1,0,0.00,0.22
4,1053,1,1,100.00,0.22
4,1175,1,0,0.00,0.22
4,1176,1,0,0.00,0.22
4,1177,1,1,100.00,0.22
4,1178,1,1,100.00,0.22
4,1179,1,0,0.00,0.22
4,1180,1,0,0.00,0.22
4,1181,1,0,0.00,0.22
4,1182,1,1,100.00,0.22
4,1388,19,13,68.42,4.10
4,1398,1,0,0.00,0.22
4,1399,1,0,0.00,0.22
4,1400,1,0,0.00,0.22
4,1401,1,0,0.00,0.22
4,1402,1,1,100.00,0.22
4,1403,1,0,0.00,0.22
4,1404,1,1,100.00,0.22
4,1405,1,0,0.00,0.22
4,1406,1,0,0.00,0.22
4,1407,1,1,100.00,0.22
4,1408,1,1,100.00,0.22
4,1409,1,0,0.00,0.22
4,1410,1,1,100.00,0.22
4,1411,1,1,100.00,0.22
4,1412,1,0,0.00,0.22
4,1413,1,0,0.00,0.22
4,1414,1,0,0.00,0.22
4,1415,1,0,0.00,0.22
4,1416,1,0,0.00,0.22
4,1428,1,0,0.00,0.22
4,1461,1,0,0.00,0.22
4,1462,1,1,100.00,0.22
4,1463,1,1,100.00,0.22
4,1464,1,0,0.00,0.22
4,1467,1,0,0.00,0.22
4,1468,1,1,100.00,0.22
4,1475,1,1,100.00,0.22
4,1476,1,0,0.00,0.22
4,1503,1,0,0.00,0.22
4,1504,1,1,100.00,0.22
4,1638,2,0,0.00,0.43
4,1921,1,0,0.00,0.22
4,1922,1,0,0.00,0.22
4,1923,1,0,0.00,0.22
4,1924,1,1,100.00,0.22
4,1925,1,0,0.00,0.22
4,1926,1,1,100.00,0.22
4,1927,1,1,100.00,0.22
4,1928,1,0,0.00,0.22
4,1929,1,0,0.00,0.22
4,1930,11,9,81.82,2.38
4,1931,1,0,0.00,0.22
4,1932,1,0,0.00,0.22
4,1933,1,0,0.00,0.22
4,1934,1,1,100.00,0.22
4,1935,1,0,0.00,0.22
4,1936,1,0,0.00,0.22
4,1937,1,0,0.00,0.22
4,1938,1,0,0.00,0.22
4,1939,1,0,0.00,0.22
4,1940,1,1,100.00,0.22
4,1941,1,0,0.00,0.22
4,1942,1,1,100.00,0.22
4,1943,1,1,100.00,0.22
4,1944,4,2,50.00,0.86
4,1945,1,1,100.00,0.22
4,1946,1,0,0.00,0.22
4,1947,1,1,100.00,0.22
4,1948,1,0,0.00,0.22
4,1960,1,1,100.00,0.22
4,1961,1,0,0.00,0.22
4,1995,1,1,100.00,0.22
4,2251,1,1,100.00,0.22
4,2252,1,0,0.00,0.22
4,2259,1,0,0.00,0.22
4,2260,1,0,0.00,0.22
4,2261,1,1,100.00,0.22
4,2262,1,1,100.00,0.22
4,2263,1,0,0.00,0.22
4,2264,1,0,0.00,0.22
4,2265,1,1,100.00,0.22
4,2266,1,0,0.00,0.22
4,2267,1,0,0.00,0.22
4,2268,1,1,100.00,0.22
4,2269,1,1,100.00,0.22
4,2270,1,0,0.00,0.22
4,2271,1,0,0.00,0.22
4,2272,1,1,100.00,0.22
4,2277,1,0,0.00,0.22
4,2278,1,0,0.00,0.22
4,2279,1,0,0.00,0.22
4,2281,1,0,0.00,0.22
4,2352,1,0,0.00,0.22
4,2355,1,1,100.00,0.22
4,2621,1,1,100.00,0.22
4,2622,1,0,0.00,0.22
4,2623,1,0,0.00,0.22
4,2624,1,1,100.00,0.22
4,2625,4,2,50.00,0.86
4,2626,1,1,100.00,0.22
4,2627,1,1,100.00,0.22
4,2628,1,0,0.00,0.22
4,2629,1,0,0.00,0.22
4,2630,3,2,66.67,0.65
4,2631,1,1,100.00,0.22
4,2632,1,0,0.00,0.22
4,2633,1,0,0.00,0.22
4,2634,3,1,33.33,0.65
4,2635,1,1,100.00,0.22
4,2636,1,1,100.00,0.22
4,2637,1,0,0.00,0.22
4,2709,1,1,100.00,0.22
4,2710,1,0,0.00,0.22
4,2711,1,0,0.00,0.22
4,2712,1,1,100.00,0.22
4,2713,2,2,100.00,0.43
4,2714,1,0,0.00,0.22
4,2715,1,0,0.00,0.22
4,2716,2,0,0.00,0.43
4,2717,1,1,100.00,0.22
4,2718,1,1,100.00,0.22
4,2719,1,1,100.00,0.22
4,2720,1,0,0.00,0.22
4,2721,4,3,75.00,0.86
4,2722,1,1,100.00,0.22
4,2723,1,0,0.00,0.22
4,2724,1,0,0.00,0.22
4,2725,2,1,50.00,0.43
4,2726,1,1,100.00,0.22
4,2727,7,4,57.14,1.51
4,2728,1,1,100.00,0.22
4,2729,1,1,100.00,0.22
4,2730,2,1,50.00,0.43
4,2731,1,1,100.00,0.22
4,2732,1,0,0.00,0.22
4,2733,1,0,0.00,0.22
4,2734,1,1,100.00,0.22
4,2735,1,0,0.00,0.22
4,2805,1,1,100.00,0.22
4,2806,1,0,0.00,0.22
4,2809,1,1,100.00,0.22
4,2810,2,1,50.00,0.43
4,2811,1,0,0.00,0.22
4,2812,1,1,100.00,0.22
4,2813,16,10,62.50,3.46
4,2814,1,1,100.00,0.22
4,2815,1,0,0.00,0.22
4,2816,1,1,100.00,0.22
4,2817,1,0,0.00,0.22
4,2818,1,1,100.00,0.22
4,2819,1,1,100.00,0.22
4,2820,1,0,0.00,0.22
4,2821,1,0,0.00,0.22
4,2822,1,1,100.00,0.22
4,2823,1,0,0.00,0.22
4,2824,1,0,0.00,0.22
4,2825,1,0,0.00,0.22
4,2826,1,0,0.00,0.22
4,2827,1,0,0.00,0.22
4,2828,2,1,50.00,0.43
4,2829,1,0,0.00,0.22
4,2830,1,1,100.00,0.22
4,2831,2,2,100.00,0.43
4,2832,1,0,0.00,0.22
4,2833,1,0,0.00,0.22
4,2873,2,2,100.00,0.43
4,2881,1,0,0.00,0.22
4,2882,3,3,100.00,0.65
4,2883,2,0,0.00,0.43
4,2884,1,1,100.00,0.22
4,2885,2,2,100.00,0.43
4,2886,1,0,0.00,0.22
4,3301,1,0,0.00,0.22
4,3302,1,1,100.00,0.22
4,3303,1,0,0.00,0.22
4,3304,1,1,100.00,0.22
4,3305,2,0,0.00,0.43
4,3306,1,0,0.00,0.22
4,3307,1,1,100.00,0.22
4,3308,1,1,100.00,0.22
4,3311,1,1,100.00,0.22
4,3742,1,1,100.00,0.22
4,3743,1,0,0.00,0.22
4,3744,1,1,100.00,0.22
4,3746,2,0,0.00,0.43
4,3748,1,1,100.00,0.22
4,3749,1,1,100.00,0.22
4,3750,1,0,0.00,0.22
4,3755,1,0,0.00,0.22
4,3756,1,0,0.00,0.22
4,3757,1,1,100.00,0.22
4,3758,1,1,100.00,0.22
4,3759,1,1,100.00,0.22
4,3760,1,1,100.00,0.22
4,3761,1,0,0.00,0.22
4,3762,1,0,0.00,0.22
4,3763,1,0,0.00,0.22
4,3764,1,0,0.00,0.22
4,3765,1,1,100.00,0.22
4,3766,1,1,100.00,0.22
4,3767,1,0,0.00,0.22
4,3768,1,1,100.00,0.22
4,3769,1,1,100.00,0.22
4,3929,1,0,0.00,0.22
4,3930,1,0,0.00,0.22
4,3931,1,0,0.00,0.22
4,3932,1,0,0.00,0.22
4,3933,1,0,0.00,0.22
4,3934,1,0,0.00,0.22
4,3935,1,0,0.00,0.22
4,3936,1,0,0.00,0.22
4,3937,1,1,100.00,0.22
4,3938,1,0,0.00,0.22
4,3939,1,0,0.00,0.22
4,3940,1,0,0.00,0.22
4,3941,1,0,0.00,0.22
4,3942,1,0,0.00,0.22
4,3944,5,5,100.00,1.08
4,3945,1,0,0.00,0.22
4,3946,1,1,100.00,0.22
4,3947,1,0,0.00,0.22
4,3948,1,0,0.00,0.22
4,3949,1,0,0.00,0.22
4,3950,1,0,0.00,0.22
4,3951,1,0,0.00,0.22
4,4280,1,1,100.00,0.22
4,4281,1,1,100.00,0.22
4,4282,1,1,100.00,0.22
